first_name,last_name,email,gender,ip_address
Spike,Grunguer,sgrunguer0@biblegateway.com,Male,250.24.90.25
Gisele,Clyde,gclyde1@ihg.com,Genderqueer,201.212.208.123
Bail,Effaunt,beffaunt2@spiegel.de,Non-binary,94.147.124.57
Pansy,Danilchev,pdanilchev3@buzzfeed.com,Female,26.214.2.249
Sherri,Warlaw,swarlaw4@uiuc.edu,Female,89.102.147.246
Cindra,Parsall,cparsall5@webnode.com,Female,116.34.252.236
Hamilton,Waterstone,hwaterstone6@ft.com,Male,213.144.100.75
Barnie,Gavrielli,bgavrielli7@archive.org,Genderqueer,232.21.221.230
Lion,Priestman,lpriestman8@tiny.cc,Male,155.152.235.230
Garvin,Abbie,gabbie9@angelfire.com,Male,122.195.69.192